resolution_ms,Hybrid,Isolation Forest,LSTM Autoencoder
1,0.11380276870125262,0.09184464555052789,0.12045680581328924
20,0.11664607462734457,0.10064655605832078,0.12185141420144009
30,0.12344447479033135,0.10264119322942854,0.1290222173503151
50,0.1432175654808874,0.11816987037730081,0.14914136627434163
55,0.15948756663817243,0.12216588857765334,0.16576091305331406
60,0.16815859715881668,0.13376408341114215,0.17397543762605328
65,0.1878709657910637,0.1460033278268572,0.19323772150068783
70,0.19519465830513846,0.1571252603605544,0.2021303160955206
75,0.21199548428407292,0.16838674615145205,0.21764409892079317
80,0.22989384830963866,0.1688330713884347,0.23677788347224277
85,0.23436710142490041,0.17372757308051429,0.24150432127352145
90,0.2358828667617277,0.17413569872393397,0.24124654329811412
95,0.22530943873384066,0.16760700519524044,0.23178613086810967
100,0.2362797519420846,0.1701621537503891,0.2421048562870606
150,0.25254290367491755,0.21470845414189066,0.2560209666601216
200,0.34185368342516376,0.25488702154937826,0.3437158991515642
300,0.4129656954320578,0.22240463022815957,0.41368433500147095
500,0.4750217963949009,0.21954125547267686,0.4753292551418208
