model,resolution_ms,eer_mean,eer_ci_low,eer_ci_high,degradation_mean,degradation_ci_low,degradation_ci_high
Isolation Forest,1,8.81549091431444,7.126167408843876,10.63213693169575,0.0,0.0,0.0
Isolation Forest,20,9.487437986917131,7.823844753897429,11.27214734766707,0.6719470726026923,0.5329581690081237,0.8277554372578606
Isolation Forest,30,10.259152465939934,8.59008690407072,12.07517805158209,1.4436615516254938,1.2052815449627259,1.710121047406026
Isolation Forest,50,11.419151027109502,9.773140421356164,13.171321024662214,2.6036601127950623,2.0605391122590064,3.1921949751126433
Isolation Forest,55,11.869553722776226,10.244726490505656,13.6064012998534,3.0540628084617873,2.4925530875068684,3.650312333609922
Isolation Forest,60,12.677182403410411,10.956938530645512,14.470858748729835,3.8616914890959713,3.270025516968718,4.510923352406245
Isolation Forest,65,13.85449202960864,11.953391954746339,15.859452443416927,5.039001115294196,4.3439426728018145,5.779478959980203
Isolation Forest,70,14.930345935184764,12.847403349467598,17.110802079108623,6.114855020870319,5.257127581772929,7.023460164919561
Isolation Forest,75,15.65481018927962,13.478634388407642,17.919611011850893,6.839319274965179,5.897635668814956,7.877527114003478
Isolation Forest,80,16.125723110948066,13.882356723100509,18.483806163625992,7.3102321966336214,6.271989024868149,8.479437133684286
Isolation Forest,85,16.551300197803172,14.33383893417269,18.87973169102354,7.73580928348873,6.574059456945289,9.059948824120646
Isolation Forest,90,16.5382877193225,14.349373482133451,18.838397627400756,7.722796805008062,6.47979112467896,9.145806517347966
Isolation Forest,95,16.06941624083968,13.955368703711382,18.277712332439197,7.253925326525241,5.96695215558014,8.694753384056982
Isolation Forest,100,16.26605272288299,14.193857897138601,18.45994785918151,7.450561808568549,6.095470832489277,8.961379197402437
Isolation Forest,150,20.70090641133899,18.335287359435057,23.11119066279367,11.885415497024551,10.38021802542826,13.521820321346834
Isolation Forest,200,24.38213120232387,21.621585313915823,27.265314037630027,15.566640288009431,13.398255627612329,17.92597031579888
Isolation Forest,300,23.2115779253766,20.165493472929334,26.474328732950408,14.396087011062159,11.589997687415336,17.444674481304617
Isolation Forest,500,22.94786231427585,20.24590308383467,25.819068030732414,14.132371399961412,11.450940836028876,17.05011266565122
LSTM Autoencoder,1,11.715735404251458,9.947035870009927,13.533359717283425,0.0,0.0,0.0
LSTM Autoencoder,20,12.174915841736334,10.403411239512987,13.973547126006798,0.45918043748487647,0.31766007616216474,0.6068815819714504
LSTM Autoencoder,30,12.817588170014284,11.05823308016156,14.598184795399652,1.101852765762827,0.8820899487191503,1.3353709840687893
LSTM Autoencoder,50,14.760158581319937,12.975306868481189,16.56495368752208,3.044423177068477,2.5439136464657257,3.5597105884518143
LSTM Autoencoder,55,16.054948120734537,14.174944413606257,17.942373557443823,4.339212716483076,3.708039355230162,4.997906583683068
LSTM Autoencoder,60,17.252768280737115,15.331300245321083,19.171591978418626,5.537032876485656,4.717687925774929,6.417199411289888
LSTM Autoencoder,65,19.069608542952214,16.94842469398697,21.17587780385816,7.353873138700758,6.332423235203184,8.415062229623368
LSTM Autoencoder,70,20.62996018493705,18.338749492450695,22.90303332376156,8.914224780685593,7.774884383509899,10.0998887013254
LSTM Autoencoder,75,22.406723082804422,20.036461558368575,24.783926092235607,10.690987678552966,9.481172525672601,11.946697395789851
LSTM Autoencoder,80,23.511783575344385,20.968756695074966,26.014931905230796,11.796048171092929,10.493399279480291,13.16062964002896
LSTM Autoencoder,85,24.374759713964153,21.702522588405486,27.002457329633746,12.659024309712697,11.26621870418699,14.11736536117258
LSTM Autoencoder,90,24.09066063518103,21.426841102023694,26.72613089216865,12.374925230929577,10.98799245834844,13.824161829059515
LSTM Autoencoder,95,23.73961298276198,21.033452884483985,26.484862843632463,12.023877578510518,10.566108030837151,13.605314100223529
LSTM Autoencoder,100,23.806538443558402,21.08096755157431,26.657713330992795,12.090803039306941,10.503324634188743,13.826904046655473
LSTM Autoencoder,150,26.387815104159436,24.604494688590695,28.12923383294014,14.67207969990798,13.076798296855156,16.318529313216253
LSTM Autoencoder,200,34.37222356118328,32.54119483807502,36.16045644355279,22.656488156931832,20.968631905313124,24.367752697825868
LSTM Autoencoder,300,41.19786301585435,39.37683413123341,42.99499723086608,29.482127611602888,28.09903697133995,30.89266915268288
LSTM Autoencoder,500,46.49204691500133,44.84210410370529,48.14196429717698,34.776311510749885,33.45602256921029,36.11419184664257
Hybrid,1,11.166585543432713,9.443941648583905,12.955701993264318,0.0,0.0,0.0
Hybrid,20,11.619443587875313,9.900509176713705,13.373794993689234,0.45285804444259825,0.3177111056456952,0.5985380001154643
Hybrid,30,12.28147484341522,10.552927930259845,14.029036837706345,1.1148892999825089,0.8880495608173345,1.3500020163346327
Hybrid,50,14.19599968084188,12.437968539936858,15.958817940139909,3.0294141374091685,2.534388786591729,3.543636146701144
Hybrid,55,15.397695663382716,13.567799522660628,17.240969536849573,4.231110119950003,3.5993148471504264,4.889048420190385
Hybrid,60,16.625211834994097,14.749612598029858,18.508822882322608,5.458626291561384,4.63927840961325,6.34202369617996
Hybrid,65,18.442263172747143,16.360339953361837,20.535532920253427,7.275677629314431,6.243928564776311,8.350888412768477
Hybrid,70,19.982640761353455,17.714390181716812,22.260843138157657,8.81605521792074,7.646121473828732,10.015089638908632
Hybrid,75,21.728768045103163,19.39902002383369,24.080089579854082,10.562182501670444,9.307998944242675,11.839481684397906
Hybrid,80,22.854466119074356,20.358822759871547,25.332345262953822,11.68788057564164,10.353020717847425,13.085660621405829
Hybrid,85,23.68162135019035,21.043400718411824,26.262705779669144,12.515035806757638,11.097751354159175,14.02133894910268
Hybrid,90,23.421903272713408,20.81283678053526,26.004984392312124,12.255317729280696,10.851601257743871,13.737588774780525
Hybrid,95,23.09349791880011,20.444647923498287,25.782767619752516,11.926912375367397,10.457999008469432,13.533470214221234
Hybrid,100,23.155669707940852,20.47410183005927,25.950259238042364,11.98908416450814,10.387080709628924,13.73360140123426
Hybrid,150,26.020246331012018,24.217248786990307,27.789973487892382,14.853660787579297,13.26222033263358,16.488501724704545
Hybrid,200,34.13860034771996,32.304811622902214,35.93846563211514,22.97201480428724,21.276745822755412,24.69925972063014
Hybrid,300,41.08198760675881,39.27339483087445,42.87941958638281,29.91540206332609,28.490241444716073,31.354844522877805
Hybrid,500,46.44909412986933,44.80045095195096,48.092585849104516,35.28250858643661,33.92786573542981,36.63902112964159
