group,model,eer_mean,eer_std,far_mean,frr_mean,latency_ms_mean,data_volume_reduction_pct
control_1ms,Isolation Forest,0.09184464555052789,0.06934151909115412,0.09184464555052792,0.09184464555052788,0.05010534640937265,0.0
control_1ms,LSTM Autoencoder,0.12045680581328924,0.0664241385323627,0.12045680581328924,0.12045680581328923,0.44876983007294385,0.0
control_1ms,Hybrid,0.11380276870125262,0.06503204576241202,0.11380276870125262,0.11380276870125262,0.49887517648231655,0.0
test_20ms,Isolation Forest,0.09845315904139439,0.06834453329403081,0.09845315904139434,0.0984531590413944,0.04956732462982044,95.0
test_20ms,LSTM Autoencoder,0.12315381456947656,0.06775427692221946,0.12315381456947656,0.12315381456947656,0.4465564836449678,95.0
test_20ms,Hybrid,0.11803464895415644,0.06702401767728124,0.11803464895415644,0.11803464895415644,0.49612380827478825,95.0
test_30ms,Isolation Forest,0.1059923148746678,0.06798330311494541,0.10599231487466786,0.10599231487466777,0.048934779934430885,96.66666666666667
test_30ms,LSTM Autoencoder,0.13048770676352944,0.06425365054657202,0.13048770676352944,0.13048770676352944,0.43609069715596915,96.66666666666667
test_30ms,Hybrid,0.1256967257520669,0.06337785626893998,0.1256967257520669,0.1256967257520669,0.4850254770904,96.66666666666667
