subject,group,model,eer,far,frr,latency_ms
s002,control_1ms,Isolation Forest,0.245,0.245,0.245,0.04760288892106877
s002,control_1ms,LSTM Autoencoder,0.2529411764705882,0.2529411764705882,0.2529411764705882,0.5004979998597668
s002,control_1ms,Hybrid,0.24751592356687896,0.24751592356687896,0.247515923566879,0.5481008887808356
s002,test_20ms,Isolation Forest,0.255,0.255,0.255,0.053933777639435396
s002,test_20ms,LSTM Autoencoder,0.24907103825136612,0.24907103825136612,0.24907103825136612,0.47517977758414215
s002,test_20ms,Hybrid,0.2510734463276836,0.2510734463276836,0.2510734463276836,0.5291135552235775
s002,test_30ms,Isolation Forest,0.255,0.255,0.255,0.05141288895780841
s002,test_30ms,LSTM Autoencoder,0.25308641975308643,0.25308641975308643,0.25308641975308643,0.495390222252657
s002,test_30ms,Hybrid,0.24840579710144928,0.24840579710144928,0.24840579710144928,0.5468031112104654
s003,control_1ms,Isolation Forest,0.17199999999999974,0.172,0.1719999999999995,0.05598777775756187
s003,control_1ms,LSTM Autoencoder,0.22695652173913045,0.22695652173913045,0.22695652173913042,0.4772133333608508
s003,control_1ms,Hybrid,0.2216842105263158,0.2216842105263158,0.2216842105263158,0.5332011111184127
s003,test_20ms,Isolation Forest,0.18,0.18,0.18,0.04962444460640351
s003,test_20ms,LSTM Autoencoder,0.223855421686747,0.223855421686747,0.223855421686747,0.5153826665547159
s003,test_20ms,Hybrid,0.2213157894736842,0.2213157894736842,0.22131578947368422,0.5650071111611193
s003,test_30ms,Isolation Forest,0.17111111111111116,0.17111111111111077,0.17111111111111155,0.04555511107254359
s003,test_30ms,LSTM Autoencoder,0.22039999999999998,0.22039999999999998,0.2204,0.4645528887502021
s003,test_30ms,Hybrid,0.21658536585365856,0.21658536585365853,0.21658536585365856,0.5101079998227457
s004,control_1ms,Isolation Forest,0.1,0.1,0.1,0.04970044440900286
s004,control_1ms,LSTM Autoencoder,0.12186046511627907,0.12186046511627906,0.12186046511627907,0.520793777735283
s004,control_1ms,Hybrid,0.11246376811594203,0.11246376811594203,0.11246376811594203,0.5704942221442859
s004,test_20ms,Isolation Forest,0.1,0.1,0.1,0.06631044438108802
s004,test_20ms,LSTM Autoencoder,0.13111111111111112,0.13111111111111112,0.1311111111111111,0.4736986665779518
s004,test_20ms,Hybrid,0.12448275862068965,0.12448275862068964,0.12448275862068967,0.5400091109590398
s004,test_30ms,Isolation Forest,0.09200000000000012,0.092,0.09200000000000025,0.051140666732357606
s004,test_30ms,LSTM Autoencoder,0.13692307692307693,0.13692307692307693,0.13692307692307693,0.45762133318930864
s004,test_30ms,Hybrid,0.12516129032258064,0.12516129032258064,0.12516129032258064,0.5087619999216663
s005,control_1ms,Isolation Forest,0.035,0.034999999999999996,0.035,0.0647095554611749
s005,control_1ms,LSTM Autoencoder,0.06727272727272728,0.06727272727272729,0.06727272727272726,0.48730711090481943
s005,control_1ms,Hybrid,0.06190476190476191,0.06190476190476191,0.06190476190476191,0.5520166663659943
s005,test_20ms,Isolation Forest,0.04,0.04,0.04,0.04448888901000222
s005,test_20ms,LSTM Autoencoder,0.06571428571428573,0.06571428571428574,0.06571428571428571,0.43574399987442625
s005,test_20ms,Hybrid,0.062093023255813964,0.062093023255813964,0.06209302325581396,0.48023288888442844
s005,test_30ms,Isolation Forest,0.05500000000000013,0.055000000000000264,0.055,0.043080222223781876
s005,test_30ms,LSTM Autoencoder,0.07768115942028986,0.07768115942028984,0.07768115942028986,0.4766497776533167
s005,test_30ms,Hybrid,0.07428571428571429,0.07428571428571427,0.07428571428571429,0.5197299998770986
s007,control_1ms,Isolation Forest,0.10499999999999973,0.10499999999999945,0.105,0.05866622215964728
s007,control_1ms,LSTM Autoencoder,0.10342541436464085,0.1034254143646409,0.10342541436464081,0.47046666654447716
s007,control_1ms,Hybrid,0.09583815028901735,0.09583815028901735,0.09583815028901733,0.5291328887041244
s007,test_20ms,Isolation Forest,0.10800000000000026,0.108,0.10800000000000053,0.05172377762695154
s007,test_20ms,LSTM Autoencoder,0.1080392156862745,0.1080392156862745,0.10803921568627452,0.483976888936013
s007,test_20ms,Hybrid,0.10556521739130434,0.10556521739130434,0.10556521739130435,0.5357006665629646
s007,test_30ms,Isolation Forest,0.10800000000000055,0.108,0.10800000000000111,0.06440488880293237
s007,test_30ms,LSTM Autoencoder,0.11212765957446809,0.1121276595744681,0.11212765957446807,0.49138022198652226
s007,test_30ms,Hybrid,0.11119266055045872,0.1111926605504587,0.11119266055045873,0.5557851107894546
s008,control_1ms,Isolation Forest,0.064,0.064,0.064,0.05386577763905128
s008,control_1ms,LSTM Autoencoder,0.09397260273972603,0.09397260273972602,0.09397260273972605,0.4815455554570589
s008,control_1ms,Hybrid,0.0873103448275862,0.0873103448275862,0.0873103448275862,0.5354113330961102
s008,test_20ms,Isolation Forest,0.07,0.07,0.07,0.06634399993345141
s008,test_20ms,LSTM Autoencoder,0.09111111111111111,0.09111111111111111,0.09111111111111111,0.4878820000319845
s008,test_20ms,Hybrid,0.08761904761904762,0.08761904761904761,0.08761904761904762,0.554225999965436
s008,test_30ms,Isolation Forest,0.084,0.084,0.084,0.06307466654106975
s008,test_30ms,LSTM Autoencoder,0.09037037037037038,0.09037037037037039,0.09037037037037036,0.4658931110882097
s008,test_30ms,Hybrid,0.08555555555555555,0.08555555555555557,0.08555555555555555,0.5289677776292794
s010,control_1ms,Isolation Forest,0.011999999999999882,0.012,0.011999999999999763,0.04529533338629537
s010,control_1ms,LSTM Autoencoder,0.046,0.046,0.046,0.535192444610099
s010,control_1ms,Hybrid,0.04064516129032258,0.04064516129032257,0.040645161290322585,0.5804877779963943
s010,test_20ms,Isolation Forest,0.024000000000000125,0.024,0.024000000000000247,0.059389333344168134
s010,test_20ms,LSTM Autoencoder,0.04,0.04000000000000001,0.039999999999999994,0.40680488881965476
s010,test_20ms,Hybrid,0.035555555555555556,0.03555555555555556,0.03555555555555555,0.4661942221638229
s010,test_30ms,Isolation Forest,0.03,0.03,0.03,0.039935777636451855
s010,test_30ms,LSTM Autoencoder,0.06,0.06,0.06,0.36445244448259473
s010,test_30ms,Hybrid,0.055999999999999994,0.055999999999999994,0.056,0.40438822211904657
s011,control_1ms,Isolation Forest,0.05599999999999987,0.056,0.055999999999999744,0.049293333302355476
s011,control_1ms,LSTM Autoencoder,0.12880000000000003,0.12880000000000003,0.1288,0.49274355561162037
s011,control_1ms,Hybrid,0.12074074074074073,0.12074074074074073,0.12074074074074075,0.5420368889139758
s011,test_20ms,Isolation Forest,0.06,0.06,0.06,0.05310666669781009
s011,test_20ms,LSTM Autoencoder,0.13093749999999998,0.1309375,0.13093749999999998,0.5780584445326693
s011,test_20ms,Hybrid,0.12301369863013699,0.123013698630137,0.12301369863013698,0.6311651112304794
s011,test_30ms,Isolation Forest,0.06500000000000025,0.06500000000000052,0.065,0.05656666665648421
s011,test_30ms,LSTM Autoencoder,0.13035714285714284,0.13035714285714287,0.13035714285714284,0.5529313335298665
s011,test_30ms,Hybrid,0.12000000000000001,0.12000000000000002,0.12,0.6094980001863507
s012,control_1ms,Isolation Forest,0.02799999999999974,0.028,0.027999999999999484,0.05053599985937277
s012,control_1ms,LSTM Autoencoder,0.11386666666666667,0.11386666666666669,0.11386666666666664,0.41851222204665345
s012,control_1ms,Hybrid,0.09533333333333334,0.09533333333333334,0.09533333333333334,0.46904822190602624
s012,test_20ms,Isolation Forest,0.02500000000000013,0.025000000000000258,0.025,0.048532000121970974
s012,test_20ms,LSTM Autoencoder,0.10666666666666667,0.10666666666666666,0.10666666666666669,0.40093577777345973
s012,test_20ms,Hybrid,0.08941176470588236,0.08941176470588236,0.08941176470588234,0.4494677778954307
s012,test_30ms,Isolation Forest,0.024000000000000254,0.024,0.024000000000000507,0.05743022232005993
s012,test_30ms,LSTM Autoencoder,0.1196,0.11960000000000001,0.11959999999999998,0.4184026666916907
s012,test_30ms,Hybrid,0.10754716981132076,0.10754716981132076,0.10754716981132074,0.47583288901175064
s013,control_1ms,Isolation Forest,0.05000000000000049,0.050000000000000974,0.05,0.04973244439396593
s013,control_1ms,LSTM Autoencoder,0.11754385964912281,0.11754385964912281,0.11754385964912281,0.4935548889140288
s013,control_1ms,Hybrid,0.11294117647058824,0.11294117647058824,0.11294117647058823,0.5432873333079947
s013,test_20ms,Isolation Forest,0.045000000000000255,0.04500000000000051,0.045,0.052173333501236305
s013,test_20ms,LSTM Autoencoder,0.12,0.11999999999999997,0.12000000000000002,0.48770511108967995
s013,test_20ms,Hybrid,0.11355932203389832,0.11355932203389832,0.1135593220338983,0.5398784445909163
s013,test_30ms,Isolation Forest,0.06,0.06,0.06,0.04614933316285411
s013,test_30ms,LSTM Autoencoder,0.127479674796748,0.127479674796748,0.12747967479674796,0.47440977792979944
s013,test_30ms,Hybrid,0.12865384615384612,0.12865384615384612,0.12865384615384615,0.5205591110926535
s015,control_1ms,Isolation Forest,0.112,0.112,0.112,0.05389200006094244
s015,control_1ms,LSTM Autoencoder,0.14463157894736844,0.14463157894736844,0.14463157894736842,0.3994835556174318
s015,control_1ms,Hybrid,0.13648351648351648,0.13648351648351648,0.13648351648351648,0.4533755556783743
s015,test_20ms,Isolation Forest,0.11599999999999999,0.116,0.11599999999999999,0.05961911106068227
s015,test_20ms,LSTM Autoencoder,0.14705882352941177,0.1470588235294118,0.14705882352941174,0.49013111119469005
s015,test_20ms,Hybrid,0.13857142857142857,0.13857142857142857,0.1385714285714286,0.5497502222553723
s015,test_30ms,Isolation Forest,0.132,0.132,0.132,0.06210133329861694
s015,test_30ms,LSTM Autoencoder,0.14823529411764708,0.14823529411764708,0.14823529411764705,0.5180233334087663
s015,test_30ms,Hybrid,0.14,0.14,0.13999999999999999,0.5801246667073832
s016,control_1ms,Isolation Forest,0.2099999999999997,0.2099999999999994,0.21,0.042661555473589234
s016,control_1ms,LSTM Autoencoder,0.2035294117647059,0.20352941176470588,0.2035294117647059,0.6359851111968359
s016,control_1ms,Hybrid,0.18226415094339624,0.18226415094339624,0.18226415094339624,0.6786466666704251
s016,test_20ms,Isolation Forest,0.22,0.22,0.22,0.048463777638971806
s016,test_20ms,LSTM Autoencoder,0.20235294117647057,0.20235294117647054,0.2023529411764706,0.45907022224532235
s016,test_20ms,Hybrid,0.19333333333333333,0.1933333333333333,0.19333333333333336,0.5075339998842942
s016,test_30ms,Isolation Forest,0.2400000000000006,0.24000000000000118,0.24,0.04468777786112494
s016,test_30ms,LSTM Autoencoder,0.18926829268292683,0.1892682926829268,0.1892682926829269,0.41447711099560064
s016,test_30ms,Hybrid,0.18046511627906978,0.18046511627906978,0.18046511627906978,0.4591648888567256
s017,control_1ms,Isolation Forest,0.02500000000000075,0.025000000000001497,0.025,0.06490355538618234
s017,control_1ms,LSTM Autoencoder,0.03560975609756098,0.03560975609756097,0.03560975609756098,0.46777577786188984
s017,control_1ms,Hybrid,0.036250000000000004,0.03625,0.036250000000000004,0.5326793332480722
s017,test_20ms,Isolation Forest,0.036000000000000504,0.036,0.03600000000000102,0.056692888805021845
s017,test_20ms,LSTM Autoencoder,0.03744680851063831,0.037446808510638314,0.037446808510638294,0.416708888951689
s017,test_20ms,Hybrid,0.038461538461538464,0.038461538461538464,0.038461538461538464,0.47340177775671083
s017,test_30ms,Isolation Forest,0.05000000000000053,0.05000000000000106,0.05,0.04985333342726032
s017,test_30ms,LSTM Autoencoder,0.04756756756756757,0.04756756756756757,0.04756756756756757,0.4217082223234077
s017,test_30ms,Hybrid,0.04170212765957447,0.04170212765957446,0.041702127659574484,0.47156155575066805
s018,control_1ms,Isolation Forest,0.12,0.12,0.12,0.05528177755574385
s018,control_1ms,LSTM Autoencoder,0.14400000000000002,0.144,0.14400000000000002,0.48864133345584077
s018,control_1ms,Hybrid,0.13548387096774195,0.13548387096774192,0.13548387096774195,0.5439231110115846
s018,test_20ms,Isolation Forest,0.11199999999999988,0.112,0.11199999999999974,0.04815200007417136
s018,test_20ms,LSTM Autoencoder,0.15327102803738318,0.15327102803738316,0.15327102803738318,0.5116544446597496
s018,test_20ms,Hybrid,0.14919540229885056,0.14919540229885056,0.14919540229885056,0.5598064447339209
s018,test_30ms,Isolation Forest,0.11199999999999974,0.112,0.11199999999999949,0.050629333385990724
s018,test_30ms,LSTM Autoencoder,0.14789473684210525,0.14789473684210525,0.14789473684210527,0.4470931109972298
s018,test_30ms,Hybrid,0.14525,0.14525,0.14525,0.49772244438322055
s019,control_1ms,Isolation Forest,0.04,0.04,0.04,0.039816666653172836
s019,control_1ms,LSTM Autoencoder,0.06470588235294117,0.06470588235294118,0.06470588235294117,0.4070673334515757
s019,control_1ms,Hybrid,0.060000000000000005,0.06000000000000001,0.06,0.44688400010474855
s019,test_20ms,Isolation Forest,0.04500000000000024,0.045000000000000484,0.045,0.039674444382803306
s019,test_20ms,LSTM Autoencoder,0.06560000000000002,0.06560000000000003,0.06559999999999999,0.3983844444155693
s019,test_20ms,Hybrid,0.05999999999999999,0.059999999999999984,0.06,0.4380588887983726
s019,test_30ms,Isolation Forest,0.031111111111111138,0.031111111111110885,0.031111111111111395,0.05148400009299318
s019,test_30ms,LSTM Autoencoder,0.07058823529411765,0.07058823529411763,0.07058823529411765,0.37219666668938267
s019,test_30ms,Hybrid,0.0696,0.0696,0.06960000000000001,0.42368066678237587
s020,control_1ms,Isolation Forest,0.1,0.1,0.1,0.04740422229386038
s020,control_1ms,LSTM Autoencoder,0.14595744680851064,0.14595744680851064,0.14595744680851064,0.39486955540875596
s020,control_1ms,Hybrid,0.13583333333333333,0.13583333333333333,0.13583333333333333,0.44227377770261633
s020,test_20ms,Isolation Forest,0.096,0.096,0.096,0.04925333351517717
s020,test_20ms,LSTM Autoencoder,0.156734693877551,0.156734693877551,0.156734693877551,0.40673866661058533
s020,test_20ms,Hybrid,0.14685714285714285,0.14685714285714285,0.14685714285714285,0.4559920001257625
s020,test_30ms,Isolation Forest,0.12,0.12,0.12,0.0400528888632026
s020,test_30ms,LSTM Autoencoder,0.17047619047619048,0.17047619047619048,0.17047619047619048,0.4077391111705866
s020,test_30ms,Hybrid,0.15934426229508197,0.15934426229508197,0.15934426229508197,0.44779200003378916
s021,control_1ms,Isolation Forest,0.12,0.12,0.12,0.05365044447696871
s021,control_1ms,LSTM Autoencoder,0.14,0.14,0.14,0.4012537778665622
s021,control_1ms,Hybrid,0.13545454545454547,0.13545454545454547,0.13545454545454547,0.4549042223435309
s021,test_20ms,Isolation Forest,0.124,0.124,0.124,0.04463933330650131
s021,test_20ms,LSTM Autoencoder,0.13285714285714284,0.13285714285714287,0.13285714285714284,0.385268222178436
s021,test_20ms,Hybrid,0.1231578947368421,0.1231578947368421,0.12315789473684212,0.4299075554849373
s021,test_30ms,Isolation Forest,0.12499999999999986,0.12499999999999974,0.125,0.04895044438954857
s021,test_30ms,LSTM Autoencoder,0.14636363636363636,0.14636363636363636,0.14636363636363636,0.3989364444795582
s021,test_30ms,Hybrid,0.14285714285714285,0.14285714285714282,0.14285714285714288,0.44788688886910677
s022,control_1ms,Isolation Forest,0.05,0.05,0.05,0.04294800002955728
s022,control_1ms,LSTM Autoencoder,0.045,0.04499999999999999,0.045,0.39641311107617283
s022,control_1ms,Hybrid,0.045,0.045000000000000005,0.045,0.4393611111057301
s022,test_20ms,Isolation Forest,0.06,0.06,0.06,0.044578888919204473
s022,test_20ms,LSTM Autoencoder,0.045,0.04499999999999999,0.045,0.36831644441311556
s022,test_20ms,Hybrid,0.04499999999999998,0.04499999999999996,0.045,0.41289533333232004
s022,test_30ms,Isolation Forest,0.0949999999999997,0.09499999999999938,0.095,0.04408555570989847
s022,test_30ms,LSTM Autoencoder,0.05333333333333333,0.05333333333333335,0.05333333333333331,0.38205111114722157
s022,test_30ms,Hybrid,0.05285714285714285,0.05285714285714286,0.052857142857142846,0.42613666685712004
s024,control_1ms,Isolation Forest,0.03199999999999988,0.032,0.031999999999999765,0.05350644441528453
s024,control_1ms,LSTM Autoencoder,0.047692307692307694,0.0476923076923077,0.04769230769230769,0.4192317779072457
s024,control_1ms,Hybrid,0.04470588235294118,0.04470588235294118,0.04470588235294117,0.4727382223225302
s024,test_20ms,Isolation Forest,0.06,0.06,0.06,0.051480000062535204
s024,test_20ms,LSTM Autoencoder,0.05857142857142857,0.05857142857142857,0.05857142857142857,0.38660088890335625
s024,test_20ms,Hybrid,0.05600000000000001,0.056,0.05600000000000001,0.4380808889658915
s024,test_30ms,Isolation Forest,0.09384615384615391,0.09384615384615416,0.09384615384615365,0.04168688888765044
s024,test_30ms,LSTM Autoencoder,0.055999999999999994,0.056,0.055999999999999994,0.4076108887481193
s024,test_30ms,Hybrid,0.055999999999999994,0.056,0.055999999999999994,0.4492977776357697
s025,control_1ms,Isolation Forest,0.09200000000000012,0.092,0.09200000000000025,0.04104555558620228
s025,control_1ms,LSTM Autoencoder,0.10727272727272727,0.10727272727272728,0.10727272727272726,0.38244488881900907
s025,control_1ms,Hybrid,0.10285714285714284,0.10285714285714284,0.10285714285714286,0.42349044440521133
s025,test_20ms,Isolation Forest,0.10400000000000012,0.104,0.10400000000000026,0.039724666728741594
s025,test_20ms,LSTM Autoencoder,0.1188235294117647,0.1188235294117647,0.1188235294117647,0.39248488895181155
s025,test_20ms,Hybrid,0.115,0.115,0.115,0.43220955568055314
s025,test_30ms,Isolation Forest,0.11999999999999932,0.12,0.11999999999999864,0.04167088902451926
s025,test_30ms,LSTM Autoencoder,0.1248,0.12479999999999997,0.12480000000000001,0.4050382224118544
s025,test_30ms,Hybrid,0.12461538461538461,0.12461538461538461,0.12461538461538461,0.44670911143637365
s026,control_1ms,Isolation Forest,0.045,0.045,0.045,0.05248377798125148
s026,control_1ms,LSTM Autoencoder,0.05818181818181818,0.058181818181818175,0.05818181818181819,0.4183508890370528
s026,control_1ms,Hybrid,0.05764705882352941,0.05764705882352942,0.057647058823529405,0.4708346670183043
s026,test_20ms,Isolation Forest,0.06,0.06,0.06,0.04402044462040067
s026,test_20ms,LSTM Autoencoder,0.0696,0.0696,0.06960000000000001,0.3793259999818272
s026,test_20ms,Hybrid,0.068,0.06800000000000002,0.068,0.42334644460222787
s026,test_30ms,Isolation Forest,0.05499999999999986,0.05499999999999972,0.055,0.03931266643727819
s026,test_30ms,LSTM Autoencoder,0.07294117647058823,0.07294117647058822,0.07294117647058825,0.3993108889294995
s026,test_30ms,Hybrid,0.07200000000000001,0.072,0.07200000000000001,0.4386235553667777
s027,control_1ms,Isolation Forest,0.06,0.06,0.06,0.04557666679223379
s027,control_1ms,LSTM Autoencoder,0.10928571428571429,0.10928571428571432,0.10928571428571426,0.41123844450339675
s027,control_1ms,Hybrid,0.1,0.1,0.1,0.4568151112956305
s027,test_20ms,Isolation Forest,0.06800000000000025,0.068,0.06800000000000052,0.04855822228516141
s027,test_20ms,LSTM Autoencoder,0.09955555555555558,0.09955555555555559,0.09955555555555556,0.3760186665587955
s027,test_20ms,Hybrid,0.1,0.1,0.1,0.42457688884395695
s027,test_30ms,Isolation Forest,0.08666666666666663,0.08666666666666702,0.08666666666666624,0.03946844436642197
s027,test_30ms,LSTM Autoencoder,0.10945454545454547,0.1094545454545455,0.10945454545454544,0.35291244456958437
s027,test_30ms,Hybrid,0.10413793103448275,0.10413793103448274,0.10413793103448277,0.3923808889360063
s028,control_1ms,Isolation Forest,0.04399999999999949,0.044,0.043999999999998984,0.05543488905661636
s028,control_1ms,LSTM Autoencoder,0.06428571428571428,0.06428571428571428,0.0642857142857143,0.3997102221991453
s028,control_1ms,Hybrid,0.061212121212121204,0.06121212121212122,0.06121212121212118,0.4551451112557617
s028,test_20ms,Isolation Forest,0.06999999999999948,0.06999999999999895,0.07,0.055476222187280655
s028,test_20ms,LSTM Autoencoder,0.05500000000000001,0.055,0.055000000000000014,0.4575539998606675
s028,test_20ms,Hybrid,0.05714285714285715,0.05714285714285714,0.05714285714285715,0.5130302220479481
s028,test_30ms,Isolation Forest,0.08,0.08,0.08,0.04706977763109737
s028,test_30ms,LSTM Autoencoder,0.08186046511627909,0.08186046511627905,0.08186046511627913,0.4603095554436247
s028,test_30ms,Hybrid,0.08,0.08,0.08,0.507379333074722
s029,control_1ms,Isolation Forest,0.06,0.06,0.06,0.05308555568464928
s029,control_1ms,LSTM Autoencoder,0.08328358208955225,0.08328358208955225,0.08328358208955224,0.45552022211874527
s029,control_1ms,Hybrid,0.08476190476190476,0.08476190476190475,0.08476190476190476,0.5086057778033946
s029,test_20ms,Isolation Forest,0.06,0.06,0.06,0.052625111097262964
s029,test_20ms,LSTM Autoencoder,0.0851851851851852,0.0851851851851852,0.08518518518518518,0.43272355545519126
s029,test_20ms,Hybrid,0.08600000000000001,0.08600000000000002,0.086,0.48534866655245423
s029,test_30ms,Isolation Forest,0.06799999999999976,0.068,0.06799999999999949,0.06500755566068822
s029,test_30ms,LSTM Autoencoder,0.10022988505747127,0.10022988505747127,0.10022988505747127,0.495926222194814
s029,test_30ms,Hybrid,0.09606557377049181,0.09606557377049182,0.0960655737704918,0.5609337778555022
s030,control_1ms,Isolation Forest,0.11000000000000028,0.11000000000000056,0.11,0.09737755534135634
s030,control_1ms,LSTM Autoencoder,0.17384615384615382,0.17384615384615382,0.17384615384615384,1.0243188889904156
s030,control_1ms,Hybrid,0.1523076923076923,0.1523076923076923,0.1523076923076923,1.1216964443317718
s030,test_20ms,Isolation Forest,0.13199999999999973,0.132,0.13199999999999945,0.11201066663488746
s030,test_20ms,LSTM Autoencoder,0.1825,0.18250000000000002,0.18249999999999994,1.3711937778215442
s030,test_20ms,Hybrid,0.17555555555555555,0.17555555555555558,0.17555555555555552,1.4832044444564316
s030,test_30ms,Isolation Forest,0.12499999999999986,0.12499999999999972,0.125,0.07216222222066587
s030,test_30ms,LSTM Autoencoder,0.19,0.19,0.19,0.6789139999697605
s030,test_30ms,Hybrid,0.17714285714285716,0.17714285714285716,0.17714285714285713,0.7510762221904264
s031,control_1ms,Isolation Forest,0.24500000000000038,0.24500000000000074,0.245,0.055176666679067746
s031,control_1ms,LSTM Autoencoder,0.24,0.24000000000000002,0.24,0.4871395556256175
s031,control_1ms,Hybrid,0.2426086956521739,0.2426086956521739,0.2426086956521739,0.5423162223046852
s031,test_20ms,Isolation Forest,0.27600000000000025,0.276,0.2760000000000005,0.05384244438674715
s031,test_20ms,LSTM Autoencoder,0.26634146341463416,0.26634146341463416,0.2663414634146341,0.4754455555747781
s031,test_20ms,Hybrid,0.2637735849056604,0.2637735849056604,0.2637735849056604,0.5292879999615252
s031,test_30ms,Isolation Forest,0.26666666666666666,0.26666666666666705,0.2666666666666663,0.06004333315003249
s031,test_30ms,LSTM Autoencoder,0.23789473684210527,0.23789473684210527,0.23789473684210524,0.5045479999130799
s031,test_30ms,Hybrid,0.24486486486486486,0.24486486486486486,0.2448648648648649,0.5645913330631124
s032,control_1ms,Isolation Forest,0.2719999999999999,0.272,0.2719999999999998,0.0493375556026068
s032,control_1ms,LSTM Autoencoder,0.26832,0.26832,0.26832000000000006,0.4601242222512762
s032,control_1ms,Hybrid,0.2644444444444445,0.2644444444444445,0.2644444444444444,0.509461777853883
s032,test_20ms,Isolation Forest,0.26500000000000024,0.2650000000000005,0.265,0.04241222231131461
s032,test_20ms,LSTM Autoencoder,0.2778947368421053,0.2778947368421053,0.27789473684210525,0.4565251111570332
s032,test_20ms,Hybrid,0.27906976744186046,0.27906976744186046,0.27906976744186046,0.4989373334683478
s032,test_30ms,Isolation Forest,0.2560000000000001,0.256,0.2560000000000003,0.051391333238118224
s032,test_30ms,LSTM Autoencoder,0.281875,0.28187500000000004,0.281875,0.45264800001556676
s032,test_30ms,Hybrid,0.28220338983050847,0.28220338983050847,0.28220338983050847,0.504039333253685
s033,control_1ms,Isolation Forest,0.168,0.168,0.168,0.04973399996136626
s033,control_1ms,LSTM Autoencoder,0.2181818181818182,0.21818181818181817,0.2181818181818182,0.5070897779013548
s033,control_1ms,Hybrid,0.20609756097560974,0.20609756097560974,0.20609756097560974,0.5568237778627211
s033,test_20ms,Isolation Forest,0.18,0.18,0.18,0.06030644445369641
s033,test_20ms,LSTM Autoencoder,0.21831325301204818,0.2183132530120482,0.21831325301204818,0.46965444434641135
s033,test_20ms,Hybrid,0.21125,0.21125000000000002,0.21125,0.5299608888001077
s033,test_30ms,Isolation Forest,0.18799999999999972,0.188,0.18799999999999942,0.05593955568555328
s033,test_30ms,LSTM Autoencoder,0.2030769230769231,0.2030769230769231,0.20307692307692307,0.4600904444749985
s033,test_30ms,Hybrid,0.19755102040816327,0.19755102040816327,0.19755102040816327,0.5160300001605518
s034,control_1ms,Isolation Forest,0.14999999999999947,0.14999999999999897,0.15,0.05251244460749957
s034,control_1ms,LSTM Autoencoder,0.19636363636363635,0.19636363636363635,0.19636363636363638,0.43611377762216663
s034,control_1ms,Hybrid,0.18823529411764706,0.18823529411764708,0.18823529411764706,0.48862622222966623
s034,test_20ms,Isolation Forest,0.1360000000000003,0.136,0.13600000000000054,0.04345911115200983
s034,test_20ms,LSTM Autoencoder,0.1951219512195122,0.1951219512195122,0.1951219512195122,0.37973088884933126
s034,test_20ms,Hybrid,0.18952380952380954,0.1895238095238095,0.18952380952380954,0.4231900000013411
s034,test_30ms,Isolation Forest,0.168,0.168,0.168,0.04395755551134547
s034,test_30ms,LSTM Autoencoder,0.21322033898305084,0.21322033898305082,0.21322033898305087,0.3603500001029008
s034,test_30ms,Hybrid,0.2,0.2,0.2,0.40430755561424625
s035,control_1ms,Isolation Forest,0.17200000000000013,0.172,0.17200000000000026,0.05159044431315528
s035,control_1ms,LSTM Autoencoder,0.11245283018867924,0.11245283018867923,0.11245283018867926,0.36773244436416364
s035,control_1ms,Hybrid,0.10923076923076924,0.10923076923076924,0.10923076923076923,0.41932288867731893
s035,test_20ms,Isolation Forest,0.19000000000000028,0.19000000000000053,0.19,0.041777555727296405
s035,test_20ms,LSTM Autoencoder,0.12666666666666668,0.12666666666666665,0.1266666666666667,0.3757048889787661
s035,test_20ms,Hybrid,0.12742857142857145,0.12742857142857145,0.12742857142857142,0.4174824447060625
s035,test_30ms,Isolation Forest,0.18,0.18,0.18,0.04051200010710292
s035,test_30ms,LSTM Autoencoder,0.1432,0.1432,0.14320000000000002,0.37092733326264554
s035,test_30ms,Hybrid,0.1452,0.1452,0.14520000000000002,0.4114393333697485
s036,control_1ms,Isolation Forest,0.01,0.01,0.01,0.037888666718370385
s036,control_1ms,LSTM Autoencoder,0.015,0.015000000000000001,0.015,0.35470822231016225
s036,control_1ms,Hybrid,0.011999999999999995,0.012,0.01199999999999999,0.3925968890285326
s036,test_20ms,Isolation Forest,0.012000000000000313,0.012,0.012000000000000623,0.0414977776300576
s036,test_20ms,LSTM Autoencoder,0.02,0.02,0.02,0.3718973334050841
s036,test_20ms,Hybrid,0.014999999999999984,0.014999999999999968,0.015,0.4133951110351417
s036,test_30ms,Isolation Forest,0.02,0.02,0.02,0.0468117777361638
s036,test_30ms,LSTM Autoencoder,0.04399999999999999,0.044,0.043999999999999984,0.388859333211763
s036,test_30ms,Hybrid,0.04222222222222222,0.04222222222222222,0.042222222222222223,0.4356711109479268
s037,control_1ms,Isolation Forest,0.11199999999999964,0.112,0.11199999999999928,0.0518486666907039
s037,control_1ms,LSTM Autoencoder,0.140625,0.140625,0.140625,0.41961733329420287
s037,control_1ms,Hybrid,0.13517241379310346,0.13517241379310346,0.13517241379310346,0.4714659999849068
s037,test_20ms,Isolation Forest,0.08399999999999977,0.084,0.08399999999999952,0.04764311093216141
s037,test_20ms,LSTM Autoencoder,0.13545454545454547,0.13545454545454547,0.13545454545454547,0.38718577758926487
s037,test_20ms,Hybrid,0.12307692307692308,0.12307692307692307,0.12307692307692308,0.43482888852142626
s037,test_30ms,Isolation Forest,0.10222222222222219,0.10222222222222244,0.10222222222222195,0.04483488905760977
s037,test_30ms,LSTM Autoencoder,0.1464864864864865,0.14648648648648652,0.14648648648648646,0.3873133333399892
s037,test_30ms,Hybrid,0.145,0.145,0.145,0.432148222397599
s038,control_1ms,Isolation Forest,0.068,0.068,0.068,0.04494444441257252
s038,control_1ms,LSTM Autoencoder,0.12281786941580758,0.12281786941580759,0.12281786941580755,0.406480666456951
s038,control_1ms,Hybrid,0.10800000000000001,0.108,0.10800000000000001,0.4514251108695235
s038,test_20ms,Isolation Forest,0.07199999999999987,0.072,0.07199999999999976,0.0485000001370079
s038,test_20ms,LSTM Autoencoder,0.1307836990595611,0.1307836990595611,0.13078369905956114,0.4753073333348665
s038,test_20ms,Hybrid,0.1134975369458128,0.1134975369458128,0.11349753694581281,0.5238073334718745
s038,test_30ms,Isolation Forest,0.07555555555555554,0.07555555555555567,0.07555555555555542,0.05656444441734089
s038,test_30ms,LSTM Autoencoder,0.1464,0.1464,0.1464,0.44836244442396694
s038,test_30ms,Hybrid,0.13742222222222222,0.13742222222222222,0.13742222222222222,0.5049268888413079
s039,control_1ms,Isolation Forest,0.044,0.044,0.044,0.045671333144936294
s039,control_1ms,LSTM Autoencoder,0.1,0.1,0.1,0.3896468888140387
s039,control_1ms,Hybrid,0.09241379310344829,0.0924137931034483,0.09241379310344827,0.43531822195897496
s039,test_20ms,Isolation Forest,0.06500000000000013,0.06500000000000025,0.065,0.04365422219658891
s039,test_20ms,LSTM Autoencoder,0.0975757575757576,0.09757575757575762,0.09757575757575757,0.4139557778317895
s039,test_20ms,Hybrid,0.09454545454545454,0.09454545454545456,0.09454545454545454,0.4576100000283784
s039,test_30ms,Isolation Forest,0.06499999999999974,0.06499999999999947,0.065,0.04910355537301964
s039,test_30ms,LSTM Autoencoder,0.11,0.11,0.11,0.3980786666377551
s039,test_30ms,Hybrid,0.11000000000000001,0.11000000000000001,0.11,0.44718222201077473
s040,control_1ms,Isolation Forest,0.16800000000000015,0.168,0.1680000000000003,0.03951488890581661
s040,control_1ms,LSTM Autoencoder,0.2624691358024691,0.2624691358024691,0.26246913580246917,0.39457755551363033
s040,control_1ms,Hybrid,0.2518918918918919,0.2518918918918919,0.2518918918918919,0.43409244441944694
s040,test_20ms,Isolation Forest,0.1711111111111111,0.17111111111111124,0.17111111111111096,0.04236088884580466
s040,test_20ms,LSTM Autoencoder,0.25577464788732396,0.2557746478873239,0.25577464788732396,0.39140355540439487
s040,test_20ms,Hybrid,0.24804878048780488,0.24804878048780488,0.24804878048780488,0.43376444425019955
s040,test_30ms,Isolation Forest,0.19000000000000028,0.19000000000000056,0.19,0.04450000020571881
s040,test_30ms,LSTM Autoencoder,0.2583333333333333,0.2583333333333333,0.25833333333333336,0.393380222376436
s040,test_30ms,Hybrid,0.25272727272727274,0.25272727272727274,0.25272727272727274,0.4378802225821548
s041,control_1ms,Isolation Forest,0.09200000000000014,0.092,0.09200000000000026,0.04749666666612029
s041,control_1ms,LSTM Autoencoder,0.1648,0.16480000000000003,0.1648,0.4110142223847409
s041,control_1ms,Hybrid,0.1541573033707865,0.1541573033707865,0.1541573033707865,0.4585108890508612
s041,test_20ms,Isolation Forest,0.09,0.09,0.09,0.044027999974787235
s041,test_20ms,LSTM Autoencoder,0.1676923076923077,0.16769230769230767,0.1676923076923077,0.40595088878439534
s041,test_20ms,Hybrid,0.15076923076923077,0.15076923076923077,0.15076923076923077,0.44997888875918257
s041,test_30ms,Isolation Forest,0.1,0.1,0.1,0.04280599998310208
s041,test_30ms,LSTM Autoencoder,0.18178861788617887,0.18178861788617884,0.1817886178861789,0.403883777714024
s041,test_30ms,Hybrid,0.16117647058823528,0.16117647058823528,0.16117647058823528,0.4466897776971261
s042,control_1ms,Isolation Forest,0.03499999999999988,0.034999999999999754,0.035,0.047875110887818866
s042,control_1ms,LSTM Autoencoder,0.07047619047619047,0.07047619047619047,0.07047619047619048,0.40048088904263246
s042,control_1ms,Hybrid,0.0664,0.0664,0.0664,0.44835599993045133
s042,test_20ms,Isolation Forest,0.04,0.04,0.04,0.0416697779049476
s042,test_20ms,LSTM Autoencoder,0.07,0.07,0.07,0.40239488887083197
s042,test_20ms,Hybrid,0.07,0.07,0.07,0.44406466677577955
s042,test_30ms,Isolation Forest,0.045,0.045,0.045,0.050979555687970586
s042,test_30ms,LSTM Autoencoder,0.08333333333333334,0.08333333333333333,0.08333333333333334,0.39080822219451267
s042,test_30ms,Hybrid,0.0819047619047619,0.08190476190476191,0.0819047619047619,0.44178777788248325
s043,control_1ms,Isolation Forest,0.015999999999999744,0.016,0.015999999999999487,0.04118866675222913
s043,control_1ms,LSTM Autoencoder,0.02,0.02,0.02,0.3831366666903098
s043,control_1ms,Hybrid,0.02,0.02,0.02,0.424325333442539
s043,test_20ms,Isolation Forest,0.04,0.04,0.04,0.04186088891906871
s043,test_20ms,LSTM Autoencoder,0.03333333333333333,0.03333333333333334,0.033333333333333326,0.37103155550236505
s043,test_20ms,Hybrid,0.03333333333333333,0.033333333333333326,0.03333333333333334,0.41289244442143375
s043,test_30ms,Isolation Forest,0.04,0.04,0.04,0.04227288869313068
s043,test_30ms,LSTM Autoencoder,0.04142857142857144,0.04142857142857141,0.04142857142857147,0.36922799992478555
s043,test_30ms,Hybrid,0.04,0.04,0.04,0.4115008886179162
s044,control_1ms,Isolation Forest,0.06307692307692293,0.06307692307692231,0.06307692307692356,0.04087844449612829
s044,control_1ms,LSTM Autoencoder,0.09471698113207547,0.09471698113207547,0.09471698113207548,0.4001651109299726
s044,control_1ms,Hybrid,0.08976744186046512,0.0897674418604651,0.08976744186046512,0.44104355542610085
s044,test_20ms,Isolation Forest,0.088,0.088,0.088,0.043041777745303184
s044,test_20ms,LSTM Autoencoder,0.10042553191489362,0.10042553191489362,0.10042553191489362,0.38812688888154095
s044,test_20ms,Hybrid,0.09423728813559323,0.09423728813559323,0.09423728813559322,0.43116866662684417
s044,test_30ms,Isolation Forest,0.10222222222222224,0.1022222222222221,0.10222222222222237,0.047624222158143915
s044,test_30ms,LSTM Autoencoder,0.124,0.12400000000000001,0.124,0.3893388887970812
s044,test_30ms,Hybrid,0.11555555555555555,0.11555555555555556,0.11555555555555555,0.4369631109552251
s046,control_1ms,Isolation Forest,0.10499999999999958,0.10499999999999916,0.105,0.049290888839297824
s046,control_1ms,LSTM Autoencoder,0.13073170731707318,0.13073170731707318,0.13073170731707318,0.47475622242523563
s046,control_1ms,Hybrid,0.12470588235294118,0.12470588235294118,0.12470588235294118,0.5240471112645334
s046,test_20ms,Isolation Forest,0.1,0.1,0.1,0.05451600015577343
s046,test_20ms,LSTM Autoencoder,0.12866666666666665,0.12866666666666665,0.12866666666666668,0.47549622210984427
s046,test_20ms,Hybrid,0.125,0.125,0.125,0.5300122222656177
s046,test_30ms,Isolation Forest,0.10888888888888895,0.10888888888888838,0.10888888888888952,0.054047555507471166
s046,test_30ms,LSTM Autoencoder,0.13058823529411764,0.13058823529411764,0.13058823529411764,0.48255177758013207
s046,test_30ms,Hybrid,0.12,0.12,0.12,0.5365993330876032
s047,control_1ms,Isolation Forest,0.2879999999999998,0.288,0.2879999999999997,0.039498222370942436
s047,control_1ms,LSTM Autoencoder,0.2625,0.26250000000000007,0.26249999999999996,0.3781402222294774
s047,control_1ms,Hybrid,0.26,0.26,0.26,0.4176384446004198
s047,test_20ms,Isolation Forest,0.2749999999999996,0.27499999999999913,0.275,0.03911377758615547
s047,test_20ms,LSTM Autoencoder,0.28,0.28,0.28,0.35432466667973334
s047,test_20ms,Hybrid,0.2752941176470588,0.2752941176470588,0.27529411764705886,0.3934384442658888
s047,test_30ms,Isolation Forest,0.3,0.3,0.3,0.04237977761982216
s047,test_30ms,LSTM Autoencoder,0.2911111111111111,0.2911111111111111,0.29111111111111104,0.37411177763715386
s047,test_30ms,Hybrid,0.29000000000000004,0.29000000000000004,0.29,0.416491555256976
s048,control_1ms,Isolation Forest,0.056,0.056,0.056,0.0518480000189609
s048,control_1ms,LSTM Autoencoder,0.10181818181818182,0.10181818181818184,0.10181818181818181,0.48899688887306386
s048,control_1ms,Hybrid,0.09266666666666666,0.09266666666666666,0.09266666666666666,0.5408448888920248
s048,test_20ms,Isolation Forest,0.07,0.06999999999999999,0.07,0.05206622235063049
s048,test_20ms,LSTM Autoencoder,0.09921348314606743,0.09921348314606743,0.09921348314606743,0.4935388890508976
s048,test_20ms,Hybrid,0.09253333333333333,0.09253333333333333,0.09253333333333334,0.5456051114015281
s048,test_30ms,Isolation Forest,0.07500000000000012,0.07500000000000025,0.075,0.052800000024338566
s048,test_30ms,LSTM Autoencoder,0.11315068493150685,0.11315068493150683,0.11315068493150687,0.458444666583091
s048,test_30ms,Hybrid,0.1111111111111111,0.1111111111111111,0.1111111111111111,0.5112446666074296
s049,control_1ms,Isolation Forest,0.06,0.06,0.06,0.041579555771831006
s049,control_1ms,LSTM Autoencoder,0.10799999999999998,0.108,0.10799999999999997,0.3903633335398303
s049,control_1ms,Hybrid,0.1,0.1,0.1,0.43194288931166136
s049,test_20ms,Isolation Forest,0.065,0.065,0.065,0.04057422228571442
s049,test_20ms,LSTM Autoencoder,0.12,0.12,0.12,0.3777675555708508
s049,test_20ms,Hybrid,0.105,0.105,0.105,0.41834177785656523
s049,test_30ms,Isolation Forest,0.07599999999999976,0.076,0.07599999999999951,0.046905333227995366
s049,test_30ms,LSTM Autoencoder,0.10999999999999997,0.10999999999999995,0.11,0.37258333345461225
s049,test_30ms,Hybrid,0.10222222222222223,0.1022222222222222,0.10222222222222226,0.41948866668260765
s050,control_1ms,Isolation Forest,0.08,0.08,0.08,0.05327511113137007
s050,control_1ms,LSTM Autoencoder,0.13142857142857145,0.13142857142857145,0.13142857142857142,0.4090411112540298
s050,control_1ms,Hybrid,0.12491803278688524,0.12491803278688525,0.12491803278688524,0.4623162223853999
s050,test_20ms,Isolation Forest,0.09200000000000053,0.092,0.09200000000000104,0.04470577773948511
s050,test_20ms,LSTM Autoencoder,0.13210526315789473,0.1321052631578947,0.13210526315789478,0.39259088872414494
s050,test_20ms,Hybrid,0.12775510204081633,0.12775510204081633,0.12775510204081633,0.43729666646363
s050,test_30ms,Isolation Forest,0.10142857142857148,0.10142857142857135,0.1014285714285716,0.04711488882700602
s050,test_30ms,LSTM Autoencoder,0.1431578947368421,0.1431578947368421,0.14315789473684212,0.3955411109038525
s050,test_30ms,Hybrid,0.13777777777777778,0.13777777777777778,0.13777777777777778,0.44265599973085856
s051,control_1ms,Isolation Forest,0.10400000000000026,0.104,0.10400000000000051,0.051174888956464
s051,control_1ms,LSTM Autoencoder,0.09877551020408162,0.09877551020408162,0.09877551020408164,0.42281533332748544
s051,control_1ms,Hybrid,0.10352112676056337,0.10352112676056338,0.10352112676056335,0.47399022228394944
s051,test_20ms,Isolation Forest,0.11,0.11,0.11,0.05172511097043753
s051,test_20ms,LSTM Autoencoder,0.10421052631578948,0.10421052631578948,0.10421052631578948,0.46861511111880344
s051,test_20ms,Hybrid,0.09392405063291139,0.0939240506329114,0.09392405063291137,0.520340222089241
s051,test_30ms,Isolation Forest,0.105,0.105,0.105,0.05475288903754619
s051,test_30ms,LSTM Autoencoder,0.11236842105263159,0.11236842105263158,0.11236842105263159,0.5023791110660467
s051,test_30ms,Hybrid,0.10814159292035398,0.10814159292035397,0.108141592920354,0.5571320001035929
s052,control_1ms,Isolation Forest,0.010000000000000262,0.010000000000000522,0.01,0.040591999940160245
s052,control_1ms,LSTM Autoencoder,0.031124999999999993,0.031124999999999983,0.031125000000000003,0.40822844460813534
s052,control_1ms,Hybrid,0.030588235294117652,0.030588235294117656,0.03058823529411765,0.4488204445482956
s052,test_20ms,Isolation Forest,0.014999999999999871,0.014999999999999744,0.015,0.038530000019818544
s052,test_20ms,LSTM Autoencoder,0.023384615384615386,0.023384615384615382,0.023384615384615386,0.3922231109916336
s052,test_20ms,Hybrid,0.032,0.032,0.032,0.43075311101145214
s052,test_30ms,Isolation Forest,0.02,0.02,0.02,0.041097999912583165
s052,test_30ms,LSTM Autoencoder,0.024255319148936173,0.02425531914893617,0.024255319148936173,0.3819866667294668
s052,test_30ms,Hybrid,0.04094488188976378,0.04094488188976378,0.04094488188976378,0.42308466664204997
s053,control_1ms,Isolation Forest,0.024000000000000236,0.024,0.024000000000000476,0.04788688875527845
s053,control_1ms,LSTM Autoencoder,0.06541176470588236,0.06541176470588235,0.06541176470588236,0.4212631109274096
s053,control_1ms,Hybrid,0.05417989417989418,0.05417989417989419,0.054179894179894175,0.46914999968268806
s053,test_20ms,Isolation Forest,0.03,0.03,0.03,0.05239555560466316
s053,test_20ms,LSTM Autoencoder,0.07696682464454976,0.07696682464454976,0.07696682464454975,0.410832444516321
s053,test_20ms,Hybrid,0.05611111111111112,0.0561111111111111,0.05611111111111114,0.4632280001209842
s053,test_30ms,Isolation Forest,0.028000000000000122,0.028,0.028000000000000243,0.04925955552607775
s053,test_30ms,LSTM Autoencoder,0.07720164609053498,0.07720164609053498,0.07720164609053498,0.41106066666543484
s053,test_30ms,Hybrid,0.06071428571428571,0.06071428571428573,0.06071428571428569,0.4603202221915126
s054,control_1ms,Isolation Forest,0.07600000000000023,0.076,0.07600000000000048,0.04683333345585399
s054,control_1ms,LSTM Autoencoder,0.08533333333333333,0.08533333333333333,0.08533333333333333,0.4122504444482426
s054,control_1ms,Hybrid,0.08057142857142857,0.08057142857142857,0.08057142857142857,0.4590837779040966
s054,test_20ms,Isolation Forest,0.085,0.085,0.085,0.04804088889310757
s054,test_20ms,LSTM Autoencoder,0.09846153846153846,0.09846153846153846,0.09846153846153846,0.41017866667567027
s054,test_20ms,Hybrid,0.0862857142857143,0.0862857142857143,0.08628571428571429,0.45821955556877786
s054,test_30ms,Isolation Forest,0.08999999999999975,0.08999999999999948,0.09,0.04723711094508568
s054,test_30ms,LSTM Autoencoder,0.12686274509803921,0.1268627450980392,0.12686274509803924,0.46216977786065805
s054,test_30ms,Hybrid,0.11878048780487804,0.11878048780487804,0.11878048780487806,0.5094068888057437
s055,control_1ms,Isolation Forest,0.01,0.01,0.01,0.05152244457147188
s055,control_1ms,LSTM Autoencoder,0.03257142857142857,0.03257142857142857,0.03257142857142857,0.46822488902964526
s055,control_1ms,Hybrid,0.027906976744186046,0.02790697674418604,0.02790697674418605,0.5197473336011171
s055,test_20ms,Isolation Forest,0.008000000000000246,0.008,0.008000000000000491,0.040843333376364574
s055,test_20ms,LSTM Autoencoder,0.030476190476190476,0.030476190476190476,0.030476190476190476,0.40617288892260855
s055,test_20ms,Hybrid,0.03230769230769231,0.03230769230769231,0.03230769230769231,0.44701622229897314
s055,test_30ms,Isolation Forest,0.015999999999999487,0.016,0.01599999999999897,0.04097888867060343
s055,test_30ms,LSTM Autoencoder,0.034285714285714294,0.034285714285714294,0.03428571428571429,0.5485524444116486
s055,test_30ms,Hybrid,0.03116279069767442,0.03116279069767442,0.031162790697674417,0.589531333082252
s056,control_1ms,Isolation Forest,0.065,0.065,0.065,0.053061111312773496
s056,control_1ms,LSTM Autoencoder,0.11167883211678832,0.11167883211678833,0.1116788321167883,0.4050257776139511
s056,control_1ms,Hybrid,0.0911578947368421,0.0911578947368421,0.0911578947368421,0.45808688892672456
s056,test_20ms,Isolation Forest,0.08,0.08,0.08,0.04912711110793882
s056,test_20ms,LSTM Autoencoder,0.10028169014084509,0.10028169014084506,0.1002816901408451,0.4755206667404208
s056,test_20ms,Hybrid,0.09617977528089888,0.09617977528089887,0.09617977528089888,0.5246477778483596
s056,test_30ms,Isolation Forest,0.09333333333333334,0.09333333333333334,0.09333333333333334,0.04704177767659227
s056,test_30ms,LSTM Autoencoder,0.11849056603773585,0.11849056603773583,0.11849056603773586,0.5059037779250907
s056,test_30ms,Hybrid,0.10365591397849462,0.10365591397849462,0.10365591397849462,0.5529455556016829
s057,control_1ms,Isolation Forest,0.10400000000000023,0.104,0.10400000000000048,0.04869377783810099
s057,control_1ms,LSTM Autoencoder,0.11777777777777777,0.11777777777777779,0.11777777777777776,0.40999577768767875
s057,control_1ms,Hybrid,0.10666666666666666,0.10666666666666666,0.10666666666666667,0.4586895555257797
s057,test_20ms,Isolation Forest,0.11199999999999974,0.112,0.11199999999999949,0.03964555553264088
s057,test_20ms,LSTM Autoencoder,0.11563636363636365,0.11563636363636363,0.11563636363636365,0.3752622223045263
s057,test_20ms,Hybrid,0.11785714285714285,0.11785714285714285,0.11785714285714285,0.4149077778371672
s057,test_30ms,Isolation Forest,0.11555555555555552,0.11555555555555579,0.11555555555555527,0.037743333313200206
s057,test_30ms,LSTM Autoencoder,0.12132450331125828,0.12132450331125827,0.1213245033112583,0.4035926667145557
s057,test_30ms,Hybrid,0.11476923076923078,0.11476923076923076,0.11476923076923079,0.44133600002775586
