alpha,resolution_ms,eer_mean,diff_vs_if_alone,diff_ci_low,diff_ci_high,p_differs_from_if_alone
0.0,1,12.045680581328925,2.8612160262761326,2.091281115515687,3.6207278745096163,1.0678339008850732e-07
0.0,20,12.385477428313598,2.4634655106360457,1.723911191426615,3.2061474644642267,3.584555232170989e-07
0.0,30,12.958320199320957,2.374513091867883,1.6159701479396096,3.1284709333849494,2.106030639523367e-06
0.1,1,11.380276870125263,2.1958123150724713,1.485814606240518,2.8944516432981606,9.024199356208834e-07
0.1,20,11.82813368652649,1.906121768848936,1.2478388325430445,2.566548219224408,3.486349987149915e-06
0.1,30,12.453636768199795,1.8698296607467206,1.1829167055716703,2.5354280511796112,9.676608439382146e-06
0.2,1,10.987745348778217,1.8032807937254285,1.161371665722302,2.435771670760746,3.486349987149915e-06
0.2,20,11.409639284344202,1.4876273666666502,0.8815922618276214,2.074387176199937,1.6894169256329134e-05
0.2,30,12.003309175600563,1.4195020681474892,0.7896071452076399,2.0125171422731416,6.0246353909228135e-05
0.3,1,10.60234335414526,1.417878799092468,0.8206463700410863,1.979519242585499,1.0552582418844811e-05
0.3,20,11.015319566597313,1.09330764891976,0.5269837446295041,1.6319673900162195,0.00011692042093758798
0.3,30,11.598188819355457,1.0143817119023826,0.42207521339639276,1.5597066886174555,0.0003681562091067722
0.4,1,10.196567864301741,1.0121033092489506,0.48381985100728314,1.4931463285572038,6.562049724185385e-05
0.4,20,10.682602563039957,0.7605906453624035,0.24858773168917642,1.235201610394102,0.0004244052749435418
0.4,30,11.304643346660056,0.720836239206982,0.1747698927644542,1.2126788253453635,0.0011435716547921761
0.5,1,9.984018382861457,0.7995538278086655,0.3344455956343714,1.2243220907996284,4.373043793583249e-05
0.5,20,10.395030938884245,0.47301902120669226,0.019172329171143247,0.8870035603455728,0.0027885332423588215
0.5,30,11.006909107690277,0.42310200023720307,-0.0716443454599613,0.8653413915702527,0.007141242010136919
0.6,1,9.702481021301692,0.5180164662488987,0.08997948885410786,0.9114639251138038,0.0010302468305949512
0.6,20,10.189671468106726,0.2676595504291727,-0.13253531384075043,0.6237366023964905,0.022741330882136375
0.6,30,10.809226746242285,0.22541963878920954,-0.21194800523004598,0.6150471448591941,0.041947329699110254
0.7,1,9.543434818890132,0.3589702638373402,-0.012823083696495962,0.7015195392162248,0.002577862425546867
0.7,20,10.06539788422213,0.14338596654457533,-0.18592855940804548,0.44095525542727554,0.08801348471336043
0.7,30,10.675611364039346,0.09180425658627216,-0.27165738870873624,0.4134063463157573,0.09156028126069608
0.8,1,9.395994848377809,0.21153029332501672,-0.055834025154932854,0.47362888344642223,0.01832169268345032
0.8,20,10.014601143297108,0.09258922561955535,-0.14967640621861888,0.32108851993227816,0.1411196584389672
0.8,30,10.601182789819541,0.017375682366467048,-0.2581979234983723,0.26620141542208925,0.23387731286066005
0.9,1,9.307240739204406,0.12277618415161641,-0.047541884698026705,0.2933828982196195,0.08307393637566879
0.9,20,9.962582992471157,0.04057107479360587,-0.10264568886928437,0.18099459921718425,0.2159766086943632
0.9,30,10.57805673377143,-0.005750373681644952,-0.18318672880995646,0.15362650153614368,0.20572151632429536
1.0,1,9.18446455505279,0.0,0.0,0.0,1.0
1.0,20,9.922011917677553,0.0,0.0,0.0,1.0
1.0,30,10.583807107453072,0.0,0.0,0.0,1.0
