subject,group,eer_hybrid,eer_isolation_forest,eer_lstm_autoencoder
s002,control_1ms,0.24751592356687896,0.245,0.2529411764705882
s002,test_20ms,0.2510734463276836,0.255,0.24907103825136612
s002,test_30ms,0.24840579710144928,0.255,0.25308641975308643
s003,control_1ms,0.2216842105263158,0.17199999999999974,0.22695652173913045
s003,test_20ms,0.2213157894736842,0.18,0.223855421686747
s003,test_30ms,0.21658536585365856,0.17111111111111116,0.22039999999999998
s004,control_1ms,0.11246376811594203,0.1,0.12186046511627907
s004,test_20ms,0.12448275862068965,0.1,0.13111111111111112
s004,test_30ms,0.12516129032258064,0.09200000000000012,0.13692307692307693
s005,control_1ms,0.06190476190476191,0.035,0.06727272727272728
s005,test_20ms,0.062093023255813964,0.04,0.06571428571428573
s005,test_30ms,0.07428571428571429,0.05500000000000013,0.07768115942028986
s007,control_1ms,0.09583815028901735,0.10499999999999973,0.10342541436464085
s007,test_20ms,0.10556521739130434,0.10800000000000026,0.1080392156862745
s007,test_30ms,0.11119266055045872,0.10800000000000055,0.11212765957446809
s008,control_1ms,0.0873103448275862,0.064,0.09397260273972603
s008,test_20ms,0.08761904761904762,0.07,0.09111111111111111
s008,test_30ms,0.08555555555555555,0.084,0.09037037037037038
s010,control_1ms,0.04064516129032258,0.011999999999999882,0.046
s010,test_20ms,0.035555555555555556,0.024000000000000125,0.04
s010,test_30ms,0.055999999999999994,0.03,0.06
s011,control_1ms,0.12074074074074073,0.05599999999999987,0.12880000000000003
s011,test_20ms,0.12301369863013699,0.06,0.13093749999999998
s011,test_30ms,0.12000000000000001,0.06500000000000025,0.13035714285714284
s012,control_1ms,0.09533333333333334,0.02799999999999974,0.11386666666666667
s012,test_20ms,0.08941176470588236,0.02500000000000013,0.10666666666666667
s012,test_30ms,0.10754716981132076,0.024000000000000254,0.1196
s013,control_1ms,0.11294117647058824,0.05000000000000049,0.11754385964912281
s013,test_20ms,0.11355932203389832,0.045000000000000255,0.12
s013,test_30ms,0.12865384615384612,0.06,0.127479674796748
s015,control_1ms,0.13648351648351648,0.112,0.14463157894736844
s015,test_20ms,0.13857142857142857,0.11599999999999999,0.14705882352941177
s015,test_30ms,0.14,0.132,0.14823529411764708
s016,control_1ms,0.18226415094339624,0.2099999999999997,0.2035294117647059
s016,test_20ms,0.19333333333333333,0.22,0.20235294117647057
s016,test_30ms,0.18046511627906978,0.2400000000000006,0.18926829268292683
s017,control_1ms,0.036250000000000004,0.02500000000000075,0.03560975609756098
s017,test_20ms,0.038461538461538464,0.036000000000000504,0.03744680851063831
s017,test_30ms,0.04170212765957447,0.05000000000000053,0.04756756756756757
s018,control_1ms,0.13548387096774195,0.12,0.14400000000000002
s018,test_20ms,0.14919540229885056,0.11199999999999988,0.15327102803738318
s018,test_30ms,0.14525,0.11199999999999974,0.14789473684210525
s019,control_1ms,0.060000000000000005,0.04,0.06470588235294117
s019,test_20ms,0.05999999999999999,0.04500000000000024,0.06560000000000002
s019,test_30ms,0.0696,0.031111111111111138,0.07058823529411765
s020,control_1ms,0.13583333333333333,0.1,0.14595744680851064
s020,test_20ms,0.14685714285714285,0.096,0.156734693877551
s020,test_30ms,0.15934426229508197,0.12,0.17047619047619048
s021,control_1ms,0.13545454545454547,0.12,0.14
s021,test_20ms,0.1231578947368421,0.124,0.13285714285714284
s021,test_30ms,0.14285714285714285,0.12499999999999986,0.14636363636363636
s022,control_1ms,0.045,0.05,0.045
s022,test_20ms,0.04499999999999998,0.06,0.045
s022,test_30ms,0.05285714285714285,0.0949999999999997,0.05333333333333333
s024,control_1ms,0.04470588235294118,0.03199999999999988,0.047692307692307694
s024,test_20ms,0.05600000000000001,0.06,0.05857142857142857
s024,test_30ms,0.055999999999999994,0.09384615384615391,0.055999999999999994
s025,control_1ms,0.10285714285714284,0.09200000000000012,0.10727272727272727
s025,test_20ms,0.115,0.10400000000000012,0.1188235294117647
s025,test_30ms,0.12461538461538461,0.11999999999999932,0.1248
s026,control_1ms,0.05764705882352941,0.045,0.05818181818181818
s026,test_20ms,0.068,0.06,0.0696
s026,test_30ms,0.07200000000000001,0.05499999999999986,0.07294117647058823
s027,control_1ms,0.1,0.06,0.10928571428571429
s027,test_20ms,0.1,0.06800000000000025,0.09955555555555558
s027,test_30ms,0.10413793103448275,0.08666666666666663,0.10945454545454547
s028,control_1ms,0.061212121212121204,0.04399999999999949,0.06428571428571428
s028,test_20ms,0.05714285714285715,0.06999999999999948,0.05500000000000001
s028,test_30ms,0.08,0.08,0.08186046511627909
s029,control_1ms,0.08476190476190476,0.06,0.08328358208955225
s029,test_20ms,0.08600000000000001,0.06,0.0851851851851852
s029,test_30ms,0.09606557377049181,0.06799999999999976,0.10022988505747127
s030,control_1ms,0.1523076923076923,0.11000000000000028,0.17384615384615382
s030,test_20ms,0.17555555555555555,0.13199999999999973,0.1825
s030,test_30ms,0.17714285714285716,0.12499999999999986,0.19
s031,control_1ms,0.2426086956521739,0.24500000000000038,0.24
s031,test_20ms,0.2637735849056604,0.27600000000000025,0.26634146341463416
s031,test_30ms,0.24486486486486486,0.26666666666666666,0.23789473684210527
s032,control_1ms,0.2644444444444445,0.2719999999999999,0.26832
s032,test_20ms,0.27906976744186046,0.26500000000000024,0.2778947368421053
s032,test_30ms,0.28220338983050847,0.2560000000000001,0.281875
s033,control_1ms,0.20609756097560974,0.168,0.2181818181818182
s033,test_20ms,0.21125,0.18,0.21831325301204818
s033,test_30ms,0.19755102040816327,0.18799999999999972,0.2030769230769231
s034,control_1ms,0.18823529411764706,0.14999999999999947,0.19636363636363635
s034,test_20ms,0.18952380952380954,0.1360000000000003,0.1951219512195122
s034,test_30ms,0.2,0.168,0.21322033898305084
s035,control_1ms,0.10923076923076924,0.17200000000000013,0.11245283018867924
s035,test_20ms,0.12742857142857145,0.19000000000000028,0.12666666666666668
s035,test_30ms,0.1452,0.18,0.1432
s036,control_1ms,0.011999999999999995,0.01,0.015
s036,test_20ms,0.014999999999999984,0.012000000000000313,0.02
s036,test_30ms,0.04222222222222222,0.02,0.04399999999999999
s037,control_1ms,0.13517241379310346,0.11199999999999964,0.140625
s037,test_20ms,0.12307692307692308,0.08399999999999977,0.13545454545454547
s037,test_30ms,0.145,0.10222222222222219,0.1464864864864865
s038,control_1ms,0.10800000000000001,0.068,0.12281786941580758
s038,test_20ms,0.1134975369458128,0.07199999999999987,0.1307836990595611
s038,test_30ms,0.13742222222222222,0.07555555555555554,0.1464
s039,control_1ms,0.09241379310344829,0.044,0.1
s039,test_20ms,0.09454545454545454,0.06500000000000013,0.0975757575757576
s039,test_30ms,0.11000000000000001,0.06499999999999974,0.11
s040,control_1ms,0.2518918918918919,0.16800000000000015,0.2624691358024691
s040,test_20ms,0.24804878048780488,0.1711111111111111,0.25577464788732396
s040,test_30ms,0.25272727272727274,0.19000000000000028,0.2583333333333333
s041,control_1ms,0.1541573033707865,0.09200000000000014,0.1648
s041,test_20ms,0.15076923076923077,0.09,0.1676923076923077
s041,test_30ms,0.16117647058823528,0.1,0.18178861788617887
s042,control_1ms,0.0664,0.03499999999999988,0.07047619047619047
s042,test_20ms,0.07,0.04,0.07
s042,test_30ms,0.0819047619047619,0.045,0.08333333333333334
s043,control_1ms,0.02,0.015999999999999744,0.02
s043,test_20ms,0.03333333333333333,0.04,0.03333333333333333
s043,test_30ms,0.04,0.04,0.04142857142857144
s044,control_1ms,0.08976744186046512,0.06307692307692293,0.09471698113207547
s044,test_20ms,0.09423728813559323,0.088,0.10042553191489362
s044,test_30ms,0.11555555555555555,0.10222222222222224,0.124
s046,control_1ms,0.12470588235294118,0.10499999999999958,0.13073170731707318
s046,test_20ms,0.125,0.1,0.12866666666666665
s046,test_30ms,0.12,0.10888888888888895,0.13058823529411764
s047,control_1ms,0.26,0.2879999999999998,0.2625
s047,test_20ms,0.2752941176470588,0.2749999999999996,0.28
s047,test_30ms,0.29000000000000004,0.3,0.2911111111111111
s048,control_1ms,0.09266666666666666,0.056,0.10181818181818182
s048,test_20ms,0.09253333333333333,0.07,0.09921348314606743
s048,test_30ms,0.1111111111111111,0.07500000000000012,0.11315068493150685
s049,control_1ms,0.1,0.06,0.10799999999999998
s049,test_20ms,0.105,0.065,0.12
s049,test_30ms,0.10222222222222223,0.07599999999999976,0.10999999999999997
s050,control_1ms,0.12491803278688524,0.08,0.13142857142857145
s050,test_20ms,0.12775510204081633,0.09200000000000053,0.13210526315789473
s050,test_30ms,0.13777777777777778,0.10142857142857148,0.1431578947368421
s051,control_1ms,0.10352112676056337,0.10400000000000026,0.09877551020408162
s051,test_20ms,0.09392405063291139,0.11,0.10421052631578948
s051,test_30ms,0.10814159292035398,0.105,0.11236842105263159
s052,control_1ms,0.030588235294117652,0.010000000000000262,0.031124999999999993
s052,test_20ms,0.032,0.014999999999999871,0.023384615384615386
s052,test_30ms,0.04094488188976378,0.02,0.024255319148936173
s053,control_1ms,0.05417989417989418,0.024000000000000236,0.06541176470588236
s053,test_20ms,0.05611111111111112,0.03,0.07696682464454976
s053,test_30ms,0.06071428571428571,0.028000000000000122,0.07720164609053498
s054,control_1ms,0.08057142857142857,0.07600000000000023,0.08533333333333333
s054,test_20ms,0.0862857142857143,0.085,0.09846153846153846
s054,test_30ms,0.11878048780487804,0.08999999999999975,0.12686274509803921
s055,control_1ms,0.027906976744186046,0.01,0.03257142857142857
s055,test_20ms,0.03230769230769231,0.008000000000000246,0.030476190476190476
s055,test_30ms,0.03116279069767442,0.015999999999999487,0.034285714285714294
s056,control_1ms,0.0911578947368421,0.065,0.11167883211678832
s056,test_20ms,0.09617977528089888,0.08,0.10028169014084509
s056,test_30ms,0.10365591397849462,0.09333333333333334,0.11849056603773585
s057,control_1ms,0.10666666666666666,0.10400000000000023,0.11777777777777777
s057,test_20ms,0.11785714285714285,0.11199999999999974,0.11563636363636365
s057,test_30ms,0.11476923076923078,0.11555555555555552,0.12132450331125828
