subject,group,eer,n_genuine_test,n_impostor_test
s002,control_1ms,0.245,200,250
s002,test_20ms,0.255,200,250
s002,test_30ms,0.255,200,250
s003,control_1ms,0.17199999999999974,200,250
s003,test_20ms,0.18,200,250
s003,test_30ms,0.17111111111111116,200,250
s004,control_1ms,0.1,200,250
s004,test_20ms,0.1,200,250
s004,test_30ms,0.09200000000000012,200,250
s005,control_1ms,0.035,200,250
s005,test_20ms,0.04,200,250
s005,test_30ms,0.05500000000000013,200,250
s007,control_1ms,0.10499999999999973,200,250
s007,test_20ms,0.10800000000000026,200,250
s007,test_30ms,0.10800000000000055,200,250
s008,control_1ms,0.064,200,250
s008,test_20ms,0.07,200,250
s008,test_30ms,0.084,200,250
s010,control_1ms,0.011999999999999882,200,250
s010,test_20ms,0.024000000000000125,200,250
s010,test_30ms,0.03,200,250
s011,control_1ms,0.05599999999999987,200,250
s011,test_20ms,0.06,200,250
s011,test_30ms,0.06500000000000025,200,250
s012,control_1ms,0.02799999999999974,200,250
s012,test_20ms,0.02500000000000013,200,250
s012,test_30ms,0.024000000000000254,200,250
s013,control_1ms,0.05000000000000049,200,250
s013,test_20ms,0.045000000000000255,200,250
s013,test_30ms,0.06,200,250
s015,control_1ms,0.112,200,250
s015,test_20ms,0.11599999999999999,200,250
s015,test_30ms,0.132,200,250
s016,control_1ms,0.2099999999999997,200,250
s016,test_20ms,0.22,200,250
s016,test_30ms,0.2400000000000006,200,250
s017,control_1ms,0.02500000000000075,200,250
s017,test_20ms,0.036000000000000504,200,250
s017,test_30ms,0.05000000000000053,200,250
s018,control_1ms,0.12,200,250
s018,test_20ms,0.11199999999999988,200,250
s018,test_30ms,0.11199999999999974,200,250
s019,control_1ms,0.04,200,250
s019,test_20ms,0.04500000000000024,200,250
s019,test_30ms,0.031111111111111138,200,250
s020,control_1ms,0.1,200,250
s020,test_20ms,0.096,200,250
s020,test_30ms,0.12,200,250
s021,control_1ms,0.12,200,250
s021,test_20ms,0.124,200,250
s021,test_30ms,0.12499999999999986,200,250
s022,control_1ms,0.05,200,250
s022,test_20ms,0.06,200,250
s022,test_30ms,0.0949999999999997,200,250
s024,control_1ms,0.03199999999999988,200,250
s024,test_20ms,0.06,200,250
s024,test_30ms,0.09384615384615391,200,250
s025,control_1ms,0.09200000000000012,200,250
s025,test_20ms,0.10400000000000012,200,250
s025,test_30ms,0.11999999999999932,200,250
s026,control_1ms,0.045,200,250
s026,test_20ms,0.06,200,250
s026,test_30ms,0.05499999999999986,200,250
s027,control_1ms,0.06,200,250
s027,test_20ms,0.06800000000000025,200,250
s027,test_30ms,0.08666666666666663,200,250
s028,control_1ms,0.04399999999999949,200,250
s028,test_20ms,0.06999999999999948,200,250
s028,test_30ms,0.08,200,250
s029,control_1ms,0.06,200,250
s029,test_20ms,0.06,200,250
s029,test_30ms,0.06799999999999976,200,250
s030,control_1ms,0.11000000000000028,200,250
s030,test_20ms,0.13199999999999973,200,250
s030,test_30ms,0.12499999999999986,200,250
s031,control_1ms,0.24500000000000038,200,250
s031,test_20ms,0.27600000000000025,200,250
s031,test_30ms,0.26666666666666666,200,250
s032,control_1ms,0.2719999999999999,200,250
s032,test_20ms,0.26500000000000024,200,250
s032,test_30ms,0.2560000000000001,200,250
s033,control_1ms,0.168,200,250
s033,test_20ms,0.18,200,250
s033,test_30ms,0.18799999999999972,200,250
s034,control_1ms,0.14999999999999947,200,250
s034,test_20ms,0.1360000000000003,200,250
s034,test_30ms,0.168,200,250
s035,control_1ms,0.17200000000000013,200,250
s035,test_20ms,0.19000000000000028,200,250
s035,test_30ms,0.18,200,250
s036,control_1ms,0.01,200,250
s036,test_20ms,0.012000000000000313,200,250
s036,test_30ms,0.02,200,250
s037,control_1ms,0.11199999999999964,200,250
s037,test_20ms,0.08399999999999977,200,250
s037,test_30ms,0.10222222222222219,200,250
s038,control_1ms,0.068,200,250
s038,test_20ms,0.07199999999999987,200,250
s038,test_30ms,0.07555555555555554,200,250
s039,control_1ms,0.044,200,250
s039,test_20ms,0.06500000000000013,200,250
s039,test_30ms,0.06499999999999974,200,250
s040,control_1ms,0.16800000000000015,200,250
s040,test_20ms,0.1711111111111111,200,250
s040,test_30ms,0.19000000000000028,200,250
s041,control_1ms,0.09200000000000014,200,250
s041,test_20ms,0.09,200,250
s041,test_30ms,0.1,200,250
s042,control_1ms,0.03499999999999988,200,250
s042,test_20ms,0.04,200,250
s042,test_30ms,0.045,200,250
s043,control_1ms,0.015999999999999744,200,250
s043,test_20ms,0.04,200,250
s043,test_30ms,0.04,200,250
s044,control_1ms,0.06307692307692293,200,250
s044,test_20ms,0.088,200,250
s044,test_30ms,0.10222222222222224,200,250
s046,control_1ms,0.10499999999999958,200,250
s046,test_20ms,0.1,200,250
s046,test_30ms,0.10888888888888895,200,250
s047,control_1ms,0.2879999999999998,200,250
s047,test_20ms,0.2749999999999996,200,250
s047,test_30ms,0.3,200,250
s048,control_1ms,0.056,200,250
s048,test_20ms,0.07,200,250
s048,test_30ms,0.07500000000000012,200,250
s049,control_1ms,0.06,200,250
s049,test_20ms,0.065,200,250
s049,test_30ms,0.07599999999999976,200,250
s050,control_1ms,0.08,200,250
s050,test_20ms,0.09200000000000053,200,250
s050,test_30ms,0.10142857142857148,200,250
s051,control_1ms,0.10400000000000026,200,250
s051,test_20ms,0.11,200,250
s051,test_30ms,0.105,200,250
s052,control_1ms,0.010000000000000262,200,250
s052,test_20ms,0.014999999999999871,200,250
s052,test_30ms,0.02,200,250
s053,control_1ms,0.024000000000000236,200,250
s053,test_20ms,0.03,200,250
s053,test_30ms,0.028000000000000122,200,250
s054,control_1ms,0.07600000000000023,200,250
s054,test_20ms,0.085,200,250
s054,test_30ms,0.08999999999999975,200,250
s055,control_1ms,0.01,200,250
s055,test_20ms,0.008000000000000246,200,250
s055,test_30ms,0.015999999999999487,200,250
s056,control_1ms,0.065,200,250
s056,test_20ms,0.08,200,250
s056,test_30ms,0.09333333333333334,200,250
s057,control_1ms,0.10400000000000023,200,250
s057,test_20ms,0.11199999999999974,200,250
s057,test_30ms,0.11555555555555552,200,250
